RU1TR19UQUJfVE9PTFRJUF9CQVNJQw==,bmFu,QmFzaWMgRW1vdGlvbg==
RU1TR19UQUJfVE9PTFRJUF9QVVJDSEFTRQ==,bmFu,UHVyY2hhc2U=
RU1TR19UQUJfVE9PTFRJUF9VTlBVUkNIQVNFRA==,bmFu,VW5wdXJjaGFzZQ==
RU1TR19UQUJfVE9PTFRJUF9TRUFSQ0g=,bmFu,U2VhcmNo
RU1TR19DQVNIX0VNT1RJT05fRlJFRV9QVVJDSEFTRV9RVUVTVElPTg==,IjIw7KO864WEIiDsnbTrqqjshZjsnYQg66y066OM66GcIOq1rOyehe2VmOyLnOqyoOyKteuLiOq5jD8=,XCJ7MH1cIiDsnbTrqqjshZjsnYQg66y066OM66GcIOq1rOunpO2VmOyLnOqyoOyKteuLiOq5jD8=
RU1TR19DQVNIX0VNT1RJT05fUFVSQ0hBU0VfUVVFU1RJT04=,IjIw7KO864WEIiDsnbTrqqjshZjsnYQg64Ol64uk656YIDEw6rCc66GcIOq1rOunpO2VmOyLnOqyoOyKteuLiOq5jD8g7IKs7Jqp65CcIOuDpeuLpOuemCDsl7Trp6TripQg7LKt7JW97LKg7ZqMIOuMgOyDgeyXkCDtj6ztlajrkJjsp4Ag7JWK7Iq164uI64ukLg==,XCJ7MH1cIiDsnbTrqqjshZjsnYQg64Ol64uk656YIOyXtOunpCB7MX3qsJzroZwg6rWs66ek7ZWY7Iuc6rKg7Iq164uI6rmMP1xuXkZGMjkzMeyCrOyaqeuQnCDrg6Xri6Trnpgg7Je066ek64qUXG7ssq3slb3ssqDtmowg64yA7IOB7JeQIO2PrO2VqOuQmOyngCDslYrsirXri4jri6Qu
RU1TR19TRUFSQ0hfV05EX0JBU0lDX1RJVExF,bmFu,QmFzaWMgRW1vdGlvbg==
RU1TR19TRUFSQ0hfV05EX1BVUkNIQVNFX1RJVExF,bmFu,UHVyY2hhc2UgRW1vdGlvbg==
RU1TR19TRUFSQ0hfV05EX1VOUFVSQ0hBU0VEX1RJVExF,bmFu,VW5wdXJjaGFzZSBFbW90aW9u
RU1TR19QVVJDSEFTRV9GUkVFX1BSSUNF,RnJlZQ==,RnJlZQ==
RU1TR19QVVJDSEFTRV9QUklDRQ==,MTBlYQ==,e31lYQ==
RU1TR19FUFRfQkFTSUM=,bmFu,QmFzaWMgRW1vdGlvbg==
RU1TR19FUFRfVEVTVDE=,bmFu,7YWM7Iqk7Yq4MQ==
RU1TR19FUFRfVEVTVDI=,bmFu,7YWM7Iqk7Yq4Mg==
RU1TR19FUFRfVEVTVDM=,bmFu,7YWM7Iqk7Yq4Mw==
RU1TR19FUFRfVEVTVDQ=,bmFu,7YWM7Iqk7Yq4NA==
RU1TR19FVF9DVVNUT01fMQ==,bmFu,L2N1c3RvbTE=
RU1TR19FVF9DVVNUT01fMg==,bmFu,L2N1c3RvbTI=
RU1TR19FVF9DVVNUT01fMw==,bmFu,L2N1c3RvbTM=
RU1TR19FVF9DVVNUT01fNA==,bmFu,L2N1c3RvbTQ=
RU1TR19FVF9DVVNUT01fNQ==,bmFu,L2N1c3RvbTU=
RU1TR19FVF9DVVNUT01fNg==,bmFu,L2N1c3RvbTY=
RU1TR19FVF9DVVNUT01fNw==,bmFu,L2N1c3RvbTc=
RU1TR19FVF9DVVNUT01fOA==,bmFu,L2N1c3RvbTg=
RU1TR19FVF9DVVNUT01fOQ==,bmFu,L2N1c3RvbTk=
RU1TR19FVF9DVVNUT01fMTA=,bmFu,L2N1c3RvbTEw
RU1TR19FUFRfSEFMTE9XRUVOXzIwMjM=,bmFu,aGw=
RU1TR19TVU5SSVNF,bmFu,L3NyaXNl
RU1TR19IQUxMT1dFRU5fMjAyM19DVVNUT01fMQ==,bmFu,L3NzZXQ=
RU1TR19FUFRfMjFTVF9BTk5JVkVSU0FSWV82,bmFu,L3NpZ2h0
RU1TR19FUFRfMjFTVF9BTk5JVkVSU0FSWV83,bmFu,L2NoYXJhbg==
RU1TR19FUFRfMjFTVF9BTk5JVkVSU0FSWV84,bmFu,L2JpbmdsZQ==
RU1TR19FUFRfMjFTVF9BTk5JVkVSU0FSWV85,bmFu,L2V4Y2l0ZWQ=
RU1TR19FUFRfMjFTVF9BTk5JVkVSU0FSWV8xMA==,bmFu,L3JlbWVt
RU1TR19FUFRfMjFTVF9BTk5JVkVSU0FSWQ==,bmFu,YW4=
RU1TR19IQUxMT1dFRU5fMjAyM18x,bmFu,L2hsMQ==
RU1TR19FTU9USU9OX0VYUEFOVElPTl9OT1RfRU5PVUdIX05ZQU5HVklORQ==,bmFu,VGhlIG51bWJlciBvZiBOeWFuZ3ZpbmUgaXMgaW5zdWZmaWNpZW50Lg==
RU1TR19FTU9USU9OX0VYUEFOVElPTl9GQUlMX0RBVEU=,bmFu,U2FsZSBwZXJpb2QgaGFzIGVuZGVkLg==
RU1TR19FTU9USU9OX0VYUEFOVElPTl9GQUlMX0FMUkVBRFlfQlVZ,bmFu,VGhpcyBlbW90ZSBoYXMgYWxyZWFkeSBiZWVuIHB1cmNoYXNlZC4=
RU1TR19FTU9USU9OX0VYUEFOVElPTl9GQUlMX0FOT1RIRVJfU0FMRV9CVVk=,bmFu,VGhpcyBlbW90ZSBoYXMgYWxyZWFkeSBiZWVuIHB1cmNoYXNlZCB3aXRoIGFub3RoZXIgc2FsZXMgdHlwZS4=
RU1TR19FTU9USU9OX0VYUEFOVElPTl9GQUlMX1VOS05PV04=,bmFu,RW1vdGlvbiBwdXJjaGFzZSBmYWlsZWQu
RU1TR19FTU9USU9OX0VYUEFOVElPTl9CVVlfU1VDQ0VTUw==,bmFu,RW1vdGlvbiBwdXJjaGFzZSB3YXMgc3VjY2Vzc2Z1bC4=
RU1TR19FTU9USU9OX0VYUEFOVElPTl9VU0VfRkFJTF9EQVRF,bmFu,RW1vdGlvbiB1c2FnZSBwZXJpb2QgaGFzIGVuZGVkLg==
RU1TR19FTU9USU9OX0VYUEFOVElPTl9VU0VfRkFJTF9VTlBVUkNIQVNFRA==,bmFu,VW5wdXJjaGFzZWQgZW1vdGVzIGNhbm5vdCBiZSB1c2VkLg==
RU1TR19FTU9USU9OX0VYUEFOVElPTl9VU0VfRkFJTF9VTktOT1dO,bmFu,RW1vdGlvbiBjYW5ub3QgYmUgdXNlZCBkdWUgdG8gYW4gdW5rbm93biBlcnJvci4=
RU1TR19FTU9USU9OX0VYUEFOVElPTl9OT1RfRU5PVUdIX0JBU0lDU0tJTExfTEVWRUw=,bmFu,WW91IGNhbm5vdCBwdXJjaGFzZSBlbW90ZXMgYmVjYXVzZSB5b3UgZG8gbm90IG1lZXQgdGhlIGJhc2ljIHNraWxsIGxldmVsLg==
RU1TR19FTU9USU9OX1VTRV9GQUlMX1NLSUxMX0xFVkVM,bmFu,RW1vdGlvbnMgY2Fubm90IGJlIHVzZWQgYmVjYXVzZSB0aGV5IGRvIG5vdCBtZWV0IHRoZSBiYXNpYyBza2lsbCBsZXZlbC4=
RU1TR19FTU9USU9OX1VTRUFCTEVfRVhQSVJFX1RJTUU=,UmVtYWluaW5nIFRpbWUgWzAwIGRheXMgMDAgaG91cnMgMDAgbWludXRlc10=,UmVtYWluaW5nIFRpbWUgW3swOjAyfWQgezE6MDJ9aCB7MjowMn1tXQ==
RU1TR19FTU9USU9OX1NBTEVfRU5EX1RJTUU=,U2FsZSBQZXJpb2QgWzIwMjMvMTIvMzEgMDA6MDBd,U2FsZSBQZXJpb2QgW3swOjA0fS97MTowMn0vezI6MDJ9IHszOjAyfTp7NDowMn1d
RU1TR19FTU9USU9OX0VYUElSRV9VU0VBQkxFX1RJTUU=,bmFu,e30gRW1vdGlvbiB1c2FnZSBwZXJpb2QgaGFzIGV4cGlyZWQu
RU1TR19OT1RJQ0VfU0FMRV9TVEFSVA==,bmFu,e30gRW1vdGlvbiBzYWxlIGhhcyBzdGFydGVkLg==
RU1TR19OT1RJQ0VfU0FMRV9FTkQ=,bmFu,e30gRW1vdGlvbiBzYWxlIGhhcyBlbmRlZC4=
RU1TR19QRVJJT0RfT0ZfVVNF,VG8gaW5kaWNhdGUgYXZhaWxhYmxlIHVzZSB0aW1lIHdoZW4gcHVyY2hhc2luZyBwYXktYXMteW91LWdvIEVtb3Rpb24=,QWZ0ZXIgcHVyY2hhc2UsIHlvdSBjYW4gdXNlIGl0IGZvciB7fSBkYXlzLg==
RU1TR19QRVJJT0RfT0ZfTEFTVF9USU1F,RGlzcGxheSBmb3IgdGhlIExhc3QgMSBNaW51dGUgRHVlIHRvIFN5bmNocm9uaXphdGlvbiBJc3N1ZXMgd2l0aCBQYXktYXMtWW91LUdvIEVtb3Rpb25z,UmVtYWluaW5nIFRpbWUgW0xlc3MgdGhhbiAxIG1pbnV0ZV0=
RU1TR19FUFRfMjAyM0NIVVNFT0s=,bmFu,Y3M=
RU1TR19FUFRfMjAyM1RIWEdJVklORw==,bmFu,dGc=
RU1TR19OT1RfWUVUX1NBTEVfU1RBUlRfVElNRQ==,VXNlIHdoZW4gdGhlIEVtb3Rpb24gU2FsZSBwZXJpb2QgaGFzIG5vdCBzdGFydGVkLg==,Tm90IHlldCBhdmFpbGFibGUgZm9yIHB1cmNoYXNlLg==
RU1TR19IT1RLRVlfWVVUMQ==,bmFu,L3l1dA==
